{
  "loss": 0.5976622891875932,
  "accuracy": 0.875,
  "precision_macro": 0.8741149202487432,
  "recall_macro": 0.8700519936828787,
  "f1_macro": 0.8703170543747856,
  "precision_weighted": 0.8773471595796415,
  "recall_weighted": 0.875,
  "f1_weighted": 0.8744270992485002,
  "classification_report": "              precision    recall  f1-score   support\n\n          ha     0.5227    0.5610    0.5412        41\n          na     0.9091    0.9091    0.9091        44\n          ca     0.9535    0.9318    0.9425        44\n          ra     0.8696    0.9302    0.8989        43\n          ka     0.8431    0.9556    0.8958        45\n          da     0.9500    0.8444    0.8941        45\n          ta     0.8529    0.8056    0.8286        36\n          sa     0.8750    0.9333    0.9032        45\n          wa     0.8478    0.9750    0.9070        40\n          la     0.6129    0.5278    0.5672        36\n          pa     0.9333    0.9545    0.9438        44\n         dha     0.9268    0.8837    0.9048        43\n          ja     0.9487    0.8605    0.9024        43\n          ya     0.8431    0.9556    0.8958        45\n         nya     0.9111    0.9318    0.9213        44\n          ma     0.9333    0.9545    0.9438        44\n          ga     0.9355    0.8286    0.8788        35\n          ba     0.9474    0.8182    0.8780        44\n         tha     0.8913    0.9535    0.9213        43\n         nga     0.9750    0.8864    0.9286        44\n\n    accuracy                         0.8750       848\n   macro avg     0.8741    0.8701    0.8703       848\nweighted avg     0.8773    0.8750    0.8744       848\n",
  "confusion_matrix": [
    [
      23,
      1,
      0,
      0,
      1,
      0,
      3,
      0,
      0,
      10,
      0,
      0,
      0,
      3,
      0,
      0,
      0,
      0,
      0,
      0
    ],
    [
      0,
      40,
      0,
      0,
      3,
      0,
      0,
      0,
      0,
      0,
      0,
      0,
      0,
      0,
      0,
      1,
      0,
      0,
      0,
      0
    ],
    [
      0,
      0,
      41,
      2,
      0,
      0,
      0,
      1,
      0,
      0,
      0,
      0,
      0,
      0,
      0,
      0,
      0,
      0,
      0,
      0
    ],
    [
      0,
      0,
      1,
      40,
      0,
      0,
      0,
      0,
      1,
      0,
      0,
      0,
      1,
      0,
      0,
      0,
      0,
      0,
      0,
      0
    ],
    [
      1,
      0,
      0,
      0,
      43,
      0,
      1,
      0,
      0,
      0,
      0,
      0,
      0,
      0,
      0,
      0,
      0,
      0,
      0,
      0
    ],
    [
      0,
      2,
      0,
      1,
      0,
      38,
      0,
      3,
      0,
      0,
      1,
      0,
      0,
      0,
      0,
      0,
      0,
      0,
      0,
      0
    ],
    [
      3,
      0,
      0,
      0,
      0,
      0,
      29,
      0,
      2,
      1,
      0,
      0,
      0,
      1,
      0,
      0,
      0,
      0,
      0,
      0
    ],
    [
      0,
      1,
      0,
      1,
      0,
      1,
      0,
      42,
      0,
      0,
      0,
      0,
      0,
      0,
      0,
      0,
      0,
      0,
      0,
      0
    ],
    [
      0,
      0,
      0,
      0,
      0,
      0,
      0,
      0,
      39,
      0,
      0,
      0,
      1,
      0,
      0,
      0,
      0,
      0,
      0,
      0
    ],
    [
      15,
      0,
      0,
      0,
      1,
      0,
      1,
      0,
      0,
      19,
      0,
      0,
      0,
      0,
      0,
      0,
      0,
      0,
      0,
      0
    ],
    [
      0,
      0,
      0,
      0,
      0,
      0,
      0,
      0,
      1,
      0,
      42,
      1,
      0,
      0,
      0,
      0,
      0,
      0,
      0,
      0
    ],
    [
      1,
      0,
      1,
      0,
      0,
      0,
      0,
      2,
      0,
      0,
      0,
      38,
      0,
      1,
      0,
      0,
      0,
      0,
      0,
      0
    ],
    [
      0,
      0,
      0,
      1,
      0,
      0,
      0,
      0,
      2,
      0,
      1,
      0,
      37,
      0,
      0,
      2,
      0,
      0,
      0,
      0
    ],
    [
      0,
      0,
      0,
      0,
      0,
      0,
      0,
      0,
      0,
      1,
      0,
      1,
      0,
      43,
      0,
      0,
      0,
      0,
      0,
      0
    ],
    [
      0,
      0,
      0,
      0,
      1,
      0,
      0,
      0,
      0,
      0,
      0,
      0,
      0,
      0,
      41,
      0,
      0,
      2,
      0,
      0
    ],
    [
      0,
      0,
      0,
      0,
      0,
      0,
      0,
      0,
      0,
      0,
      0,
      0,
      0,
      0,
      0,
      42,
      1,
      0,
      1,
      0
    ],
    [
      1,
      0,
      0,
      0,
      2,
      0,
      0,
      0,
      0,
      0,
      0,
      0,
      0,
      3,
      0,
      0,
      29,
      0,
      0,
      0
    ],
    [
      0,
      0,
      0,
      0,
      0,
      0,
      0,
      0,
      1,
      0,
      0,
      0,
      0,
      0,
      4,
      0,
      1,
      36,
      1,
      1
    ],
    [
      0,
      0,
      0,
      1,
      0,
      0,
      0,
      0,
      0,
      0,
      0,
      1,
      0,
      0,
      0,
      0,
      0,
      0,
      41,
      0
    ],
    [
      0,
      0,
      0,
      0,
      0,
      1,
      0,
      0,
      0,
      0,
      1,
      0,
      0,
      0,
      0,
      0,
      0,
      0,
      3,
      39
    ]
  ],
  "per_class_f1": [
    0.5411764705882353,
    0.9090909090909091,
    0.9425287356321839,
    0.898876404494382,
    0.8958333333333334,
    0.8941176470588236,
    0.8285714285714286,
    0.9032258064516129,
    0.9069767441860465,
    0.5671641791044776,
    0.9438202247191011,
    0.9047619047619048,
    0.9024390243902439,
    0.8958333333333334,
    0.9213483146067416,
    0.9438202247191011,
    0.8787878787878788,
    0.8780487804878049,
    0.9213483146067416,
    0.9285714285714286
  ],
  "model": "simple",
  "display_name": "SimpleCNN"
}