{
  "loss": 0.27913822824100276,
  "accuracy": 0.9610849056603774,
  "precision_macro": 0.9618375333751826,
  "recall_macro": 0.9596098708910678,
  "f1_macro": 0.9599787303365446,
  "precision_weighted": 0.9622077745315645,
  "recall_weighted": 0.9610849056603774,
  "f1_weighted": 0.9609033204403805,
  "classification_report": "              precision    recall  f1-score   support\n\n          ha     0.9444    0.8293    0.8831        41\n          na     1.0000    0.9545    0.9767        44\n          ca     0.9767    0.9545    0.9655        44\n          ra     0.9333    0.9767    0.9545        43\n          ka     0.9783    1.0000    0.9890        45\n          da     0.9778    0.9778    0.9778        45\n          ta     0.9412    0.8889    0.9143        36\n          sa     0.9565    0.9778    0.9670        45\n          wa     0.9286    0.9750    0.9512        40\n          la     0.9459    0.9722    0.9589        36\n          pa     0.9167    1.0000    0.9565        44\n         dha     1.0000    0.9535    0.9762        43\n          ja     1.0000    1.0000    1.0000        43\n          ya     0.8824    1.0000    0.9375        45\n         nya     0.9767    0.9545    0.9655        44\n          ma     1.0000    0.9545    0.9767        44\n          ga     0.9697    0.9143    0.9412        35\n          ba     0.9762    0.9318    0.9535        44\n         tha     0.9545    0.9767    0.9655        43\n         nga     0.9778    1.0000    0.9888        44\n\n    accuracy                         0.9611       848\n   macro avg     0.9618    0.9596    0.9600       848\nweighted avg     0.9622    0.9611    0.9609       848\n",
  "confusion_matrix": [
    [
      34,
      0,
      0,
      0,
      0,
      0,
      1,
      0,
      0,
      2,
      1,
      0,
      0,
      3,
      0,
      0,
      0,
      0,
      0,
      0
    ],
    [
      0,
      42,
      0,
      0,
      0,
      1,
      0,
      1,
      0,
      0,
      0,
      0,
      0,
      0,
      0,
      0,
      0,
      0,
      0,
      0
    ],
    [
      0,
      0,
      42,
      0,
      0,
      0,
      0,
      1,
      0,
      0,
      0,
      0,
      0,
      0,
      0,
      0,
      0,
      0,
      1,
      0
    ],
    [
      0,
      0,
      0,
      42,
      0,
      0,
      0,
      0,
      0,
      0,
      0,
      0,
      0,
      0,
      0,
      0,
      1,
      0,
      0,
      0
    ],
    [
      0,
      0,
      0,
      0,
      45,
      0,
      0,
      0,
      0,
      0,
      0,
      0,
      0,
      0,
      0,
      0,
      0,
      0,
      0,
      0
    ],
    [
      0,
      0,
      0,
      1,
      0,
      44,
      0,
      0,
      0,
      0,
      0,
      0,
      0,
      0,
      0,
      0,
      0,
      0,
      0,
      0
    ],
    [
      1,
      0,
      0,
      0,
      0,
      0,
      32,
      0,
      3,
      0,
      0,
      0,
      0,
      0,
      0,
      0,
      0,
      0,
      0,
      0
    ],
    [
      0,
      0,
      0,
      1,
      0,
      0,
      0,
      44,
      0,
      0,
      0,
      0,
      0,
      0,
      0,
      0,
      0,
      0,
      0,
      0
    ],
    [
      0,
      0,
      0,
      0,
      0,
      0,
      0,
      0,
      39,
      0,
      1,
      0,
      0,
      0,
      0,
      0,
      0,
      0,
      0,
      0
    ],
    [
      1,
      0,
      0,
      0,
      0,
      0,
      0,
      0,
      0,
      35,
      0,
      0,
      0,
      0,
      0,
      0,
      0,
      0,
      0,
      0
    ],
    [
      0,
      0,
      0,
      0,
      0,
      0,
      0,
      0,
      0,
      0,
      44,
      0,
      0,
      0,
      0,
      0,
      0,
      0,
      0,
      0
    ],
    [
      0,
      0,
      1,
      0,
      0,
      0,
      0,
      0,
      0,
      0,
      1,
      41,
      0,
      0,
      0,
      0,
      0,
      0,
      0,
      0
    ],
    [
      0,
      0,
      0,
      0,
      0,
      0,
      0,
      0,
      0,
      0,
      0,
      0,
      43,
      0,
      0,
      0,
      0,
      0,
      0,
      0
    ],
    [
      0,
      0,
      0,
      0,
      0,
      0,
      0,
      0,
      0,
      0,
      0,
      0,
      0,
      45,
      0,
      0,
      0,
      0,
      0,
      0
    ],
    [
      0,
      0,
      0,
      0,
      1,
      0,
      0,
      0,
      0,
      0,
      0,
      0,
      0,
      0,
      42,
      0,
      0,
      1,
      0,
      0
    ],
    [
      0,
      0,
      0,
      1,
      0,
      0,
      0,
      0,
      0,
      0,
      1,
      0,
      0,
      0,
      0,
      42,
      0,
      0,
      0,
      0
    ],
    [
      0,
      0,
      0,
      0,
      0,
      0,
      0,
      0,
      0,
      0,
      0,
      0,
      0,
      3,
      0,
      0,
      32,
      0,
      0,
      0
    ],
    [
      0,
      0,
      0,
      0,
      0,
      0,
      1,
      0,
      0,
      0,
      0,
      0,
      0,
      0,
      1,
      0,
      0,
      41,
      1,
      0
    ],
    [
      0,
      0,
      0,
      0,
      0,
      0,
      0,
      0,
      0,
      0,
      0,
      0,
      0,
      0,
      0,
      0,
      0,
      0,
      42,
      1
    ],
    [
      0,
      0,
      0,
      0,
      0,
      0,
      0,
      0,
      0,
      0,
      0,
      0,
      0,
      0,
      0,
      0,
      0,
      0,
      0,
      44
    ]
  ],
  "per_class_f1": [
    0.8831168831168831,
    0.9767441860465116,
    0.9655172413793104,
    0.9545454545454546,
    0.989010989010989,
    0.9777777777777777,
    0.9142857142857143,
    0.967032967032967,
    0.9512195121951219,
    0.958904109589041,
    0.9565217391304348,
    0.9761904761904762,
    1.0,
    0.9375,
    0.9655172413793104,
    0.9767441860465116,
    0.9411764705882353,
    0.9534883720930233,
    0.9655172413793104,
    0.9887640449438202
  ],
  "model": "simple",
  "display_name": "SimpleCNN"
}