{
  "loss": 0.4865626833348904,
  "accuracy": 0.875,
  "precision_macro": 0.8739975857080406,
  "recall_macro": 0.8701028506849552,
  "f1_macro": 0.8694643462501176,
  "precision_weighted": 0.8762689421634194,
  "recall_weighted": 0.875,
  "f1_weighted": 0.8731879002032363,
  "classification_report": "              precision    recall  f1-score   support\n\n          ha     0.5682    0.6098    0.5882        41\n          na     0.8542    0.9318    0.8913        44\n          ca     0.8750    0.9545    0.9130        44\n          ra     0.9302    0.9302    0.9302        43\n          ka     0.8571    0.9333    0.8936        45\n          da     0.8974    0.7778    0.8333        45\n          ta     0.8571    0.8333    0.8451        36\n          sa     0.8478    0.8667    0.8571        45\n          wa     1.0000    0.9750    0.9873        40\n          la     0.7500    0.5000    0.6000        36\n          pa     0.8431    0.9773    0.9053        44\n         dha     0.9730    0.8372    0.9000        43\n          ja     0.9302    0.9302    0.9302        43\n          ya     0.8600    0.9556    0.9053        45\n         nya     0.9333    0.9545    0.9438        44\n          ma     0.9333    0.9545    0.9438        44\n          ga     0.8000    0.8000    0.8000        35\n          ba     0.9744    0.8636    0.9157        44\n         tha     0.9091    0.9302    0.9195        43\n         nga     0.8864    0.8864    0.8864        44\n\n    accuracy                         0.8750       848\n   macro avg     0.8740    0.8701    0.8695       848\nweighted avg     0.8763    0.8750    0.8732       848\n",
  "confusion_matrix": [
    [
      25,
      0,
      0,
      0,
      0,
      0,
      3,
      0,
      0,
      5,
      1,
      0,
      1,
      4,
      0,
      0,
      2,
      0,
      0,
      0
    ],
    [
      0,
      41,
      0,
      0,
      2,
      0,
      0,
      0,
      0,
      0,
      0,
      0,
      0,
      0,
      0,
      0,
      1,
      0,
      0,
      0
    ],
    [
      0,
      0,
      42,
      1,
      0,
      0,
      0,
      1,
      0,
      0,
      0,
      0,
      0,
      0,
      0,
      0,
      0,
      0,
      0,
      0
    ],
    [
      0,
      0,
      1,
      40,
      0,
      0,
      0,
      0,
      0,
      0,
      0,
      0,
      2,
      0,
      0,
      0,
      0,
      0,
      0,
      0
    ],
    [
      0,
      2,
      0,
      0,
      42,
      0,
      1,
      0,
      0,
      0,
      0,
      0,
      0,
      0,
      0,
      0,
      0,
      0,
      0,
      0
    ],
    [
      0,
      3,
      0,
      0,
      1,
      35,
      0,
      3,
      0,
      0,
      2,
      0,
      0,
      0,
      0,
      0,
      1,
      0,
      0,
      0
    ],
    [
      0,
      0,
      0,
      0,
      2,
      0,
      30,
      0,
      0,
      0,
      1,
      0,
      0,
      0,
      1,
      2,
      0,
      0,
      0,
      0
    ],
    [
      0,
      2,
      0,
      0,
      0,
      3,
      0,
      39,
      0,
      0,
      1,
      0,
      0,
      0,
      0,
      0,
      0,
      0,
      0,
      0
    ],
    [
      0,
      0,
      1,
      0,
      0,
      0,
      0,
      0,
      39,
      0,
      0,
      0,
      0,
      0,
      0,
      0,
      0,
      0,
      0,
      0
    ],
    [
      16,
      0,
      0,
      0,
      1,
      0,
      0,
      0,
      0,
      18,
      0,
      0,
      0,
      0,
      0,
      0,
      1,
      0,
      0,
      0
    ],
    [
      0,
      0,
      0,
      0,
      0,
      0,
      0,
      1,
      0,
      0,
      43,
      0,
      0,
      0,
      0,
      0,
      0,
      0,
      0,
      0
    ],
    [
      0,
      0,
      4,
      0,
      0,
      1,
      0,
      2,
      0,
      0,
      0,
      36,
      0,
      0,
      0,
      0,
      0,
      0,
      0,
      0
    ],
    [
      0,
      0,
      0,
      1,
      0,
      0,
      0,
      0,
      0,
      0,
      1,
      0,
      40,
      0,
      0,
      1,
      0,
      0,
      0,
      0
    ],
    [
      0,
      0,
      0,
      0,
      0,
      0,
      0,
      0,
      0,
      1,
      0,
      1,
      0,
      43,
      0,
      0,
      0,
      0,
      0,
      0
    ],
    [
      1,
      0,
      0,
      0,
      0,
      0,
      0,
      0,
      0,
      0,
      0,
      0,
      0,
      0,
      42,
      0,
      0,
      1,
      0,
      0
    ],
    [
      0,
      0,
      0,
      1,
      0,
      0,
      0,
      0,
      0,
      0,
      0,
      0,
      0,
      0,
      0,
      42,
      1,
      0,
      0,
      0
    ],
    [
      2,
      0,
      0,
      0,
      1,
      0,
      1,
      0,
      0,
      0,
      0,
      0,
      0,
      3,
      0,
      0,
      28,
      0,
      0,
      0
    ],
    [
      0,
      0,
      0,
      0,
      0,
      0,
      0,
      0,
      0,
      0,
      1,
      0,
      0,
      0,
      2,
      0,
      1,
      38,
      0,
      2
    ],
    [
      0,
      0,
      0,
      0,
      0,
      0,
      0,
      0,
      0,
      0,
      0,
      0,
      0,
      0,
      0,
      0,
      0,
      0,
      40,
      3
    ],
    [
      0,
      0,
      0,
      0,
      0,
      0,
      0,
      0,
      0,
      0,
      1,
      0,
      0,
      0,
      0,
      0,
      0,
      0,
      4,
      39
    ]
  ],
  "per_class_f1": [
    0.5882352941176471,
    0.8913043478260869,
    0.9130434782608695,
    0.9302325581395349,
    0.8936170212765957,
    0.8333333333333334,
    0.8450704225352113,
    0.8571428571428571,
    0.9873417721518988,
    0.6,
    0.9052631578947369,
    0.9,
    0.9302325581395349,
    0.9052631578947369,
    0.9438202247191011,
    0.9438202247191011,
    0.8,
    0.9156626506024096,
    0.9195402298850575,
    0.8863636363636364
  ],
  "model": "improved",
  "display_name": "ImprovedCNN"
}