{
  "SimpleCNN": {
    "accuracy": 0.875,
    "f1_macro": 0.8703170543747856,
    "f1_weighted": 0.8744270992485002,
    "precision_macro": 0.8741149202487432,
    "recall_macro": 0.8700519936828787,
    "total_params": 393460
  },
  "ImprovedCNN": {
    "accuracy": 0.875,
    "f1_macro": 0.8694643462501176,
    "f1_weighted": 0.8731879002032363,
    "precision_macro": 0.8739975857080406,
    "recall_macro": 0.8701028506849552,
    "total_params": 424052
  }
}